Char,Genre,Title,line_count
RADIO HOST,Sci-Fi,2012,24
ON THE RADIO,Sci-Fi,2012,23
CHARLIE'S VOICE,Sci-Fi,2012,38
CHARLIE FROST,Sci-Fi,2012,91
NEWSCASTER,Sci-Fi,2012,21
TONY,Sci-Fi,2012,24
HARRY,Sci-Fi,2012,61
PRESIDENT WILSON,Sci-Fi,2012,83
SASHA,Sci-Fi,2012,77
GORDON,Sci-Fi,2012,107
SATNAM,Sci-Fi,2012,26
LIN,Sci-Fi,2012,29
YURI,Sci-Fi,2012,94
NENG,Sci-Fi,2012,35
TAMARA,Sci-Fi,2012,45
(PAUSE),Sci-Fi,2012,43
OLEG,Sci-Fi,2012,21
LILLY,Sci-Fi,2012,65
LAURA,Sci-Fi,2012,82
PROF. WEST,Sci-Fi,2012,42
VOICE,Sci-Fi,2012,22
ANHEUSER,Sci-Fi,2012,166
CAPTAIN MICHAELS,Sci-Fi,2012,58
NOAH,Sci-Fi,2012,78
KATE,Sci-Fi,2012,149
JACKSON,Sci-Fi,2012,334
ADRIAN,Sci-Fi,2012,344
(CONTINUED),Sci-Fi,2012,211
EXEC,Sci-Fi,abyssthe,21
COFFEY,Sci-Fi,abyssthe,141
JAMMER,Sci-Fi,abyssthe,37
SONNY,Sci-Fi,abyssthe,25
MONK,Sci-Fi,abyssthe,88
MCBRIDE,Sci-Fi,abyssthe,29
ONE NIGHT,Sci-Fi,abyssthe,77
DEMARCO,Sci-Fi,abyssthe,38
CATFISH,Sci-Fi,abyssthe,108
HIPPY,Sci-Fi,abyssthe,171
LINDSEY,Sci-Fi,abyssthe,514
BUD,Sci-Fi,abyssthe,486
PORTER,Sci-Fi,airplane2thesequel,28
RUMACK,Sci-Fi,airplane2thesequel,32
JOHN,Sci-Fi,airplane2thesequel,22
DUNN,Sci-Fi,airplane2thesequel,24
NURSE 1,Sci-Fi,airplane2thesequel,26
CONTROLLER 1,Sci-Fi,airplane2thesequel,62
OVEUR,Sci-Fi,airplane2thesequel,142
MAN THREE,Sci-Fi,airplane2thesequel,23
DETECTIVE HALLICK,Sci-Fi,airplane2thesequel,55
MR. COFFEE,Sci-Fi,airplane2thesequel,33
KRUGER,Sci-Fi,airplane2thesequel,91
SARG,Sci-Fi,airplane2thesequel,53
JOE,Sci-Fi,airplane2thesequel,36
CONTROLLER 4,Sci-Fi,airplane2thesequel,23
CONTROLLER 2,Sci-Fi,airplane2thesequel,42
ROK,Sci-Fi,airplane2thesequel,35
SIMON,Sci-Fi,airplane2thesequel,131
COMMISSIONER,Sci-Fi,airplane2thesequel,55
STELLA,Sci-Fi,airplane2thesequel,97
JIMMY,Sci-Fi,airplane2thesequel,53
JACOBS,Sci-Fi,airplane2thesequel,59
CONTROLLER 3,Sci-Fi,airplane2thesequel,58
TESTA,Sci-Fi,airplane2thesequel,32
TED,Sci-Fi,airplane2thesequel,535
MARY,Sci-Fi,airplane2thesequel,117
KRAMER,Sci-Fi,airplane2thesequel,112
ELAINE,Sci-Fi,airplane2thesequel,350
ABBOT,Sci-Fi,alien3,299
ANTHONY,Sci-Fi,alien3,232
KYLE,Sci-Fi,alien3,62
JOHN,Sci-Fi,alien3,552
RIPLEY,Sci-Fi,alien3,757
BRARD,Sci-Fi,alien,269
MELKONIS,Sci-Fi,alien,280
FAUST,Sci-Fi,alien,215
HUNTER,Sci-Fi,alien,335
STANDARD,Sci-Fi,alien,967
COMPUTER,Sci-Fi,alien,63
ROBY,Sci-Fi,alien,620
TUGGLE,Sci-Fi,aliennation,43
KRISTIN'S VOICE,Sci-Fi,aliennation,26
WARNER,Sci-Fi,aliennation,41
MAYOR,Sci-Fi,aliennation,35
PORTER,Sci-Fi,aliennation,27
WATSON,Sci-Fi,aliennation,21
FEDORCHUK,Sci-Fi,aliennation,49
WINTER,Sci-Fi,aliennation,67
OPERATOR,Sci-Fi,aliennation,38
O'NEAL,Sci-Fi,aliennation,51
QUINT,Sci-Fi,aliennation,36
KIPLING,Sci-Fi,aliennation,23
CASSANDRA,Sci-Fi,aliennation,78
HARCOURT,Sci-Fi,aliennation,159
JETSON,Sci-Fi,aliennation,534
SYKES,Sci-Fi,aliennation,859
VAN LEUWEN,Sci-Fi,aliens,61
WIERZBI,Sci-Fi,aliens,24
APONE,Sci-Fi,aliens,82
SPUNKMEYER,Sci-Fi,aliens,22
FERRO,Sci-Fi,aliens,30
HUDSON,Sci-Fi,aliens,231
GORMAN,Sci-Fi,aliens,198
VASQUEZ,Sci-Fi,aliens,73
HICKS,Sci-Fi,aliens,254
BURKE,Sci-Fi,aliens,242
BISHOP,Sci-Fi,aliens,145
NEWT,Sci-Fi,aliens,140
RIPLEY,Sci-Fi,aliens,753
RECEPTIONIST,Sci-Fi,arcade,22
DIFFORD,Sci-Fi,arcade,106
ALBERT,Sci-Fi,arcade,86
BENZ,Sci-Fi,arcade,30
ARCADE,Sci-Fi,arcade,29
NICK,Sci-Fi,arcade,454
ALEX,Sci-Fi,arcade,550
LAURIE,Sci-Fi,arcade,44
STILTS,Sci-Fi,arcade,70
GREG,Sci-Fi,arcade,69
(SUBTITLED),Sci-Fi,avatar,119
GRACE,Sci-Fi,avatar,434
MO'AT,Sci-Fi,avatar,63
NEYTIRI,Sci-Fi,avatar,186
WAINFLEET,Sci-Fi,avatar,33
MAX,Sci-Fi,avatar,69
NORM,Sci-Fi,avatar,123
TRUDY,Sci-Fi,avatar,93
SELFRIDGE,Sci-Fi,avatar,137
QUARITCH,Sci-Fi,avatar,253
TSU'TEY,Sci-Fi,avatar,55
JAKE,Sci-Fi,avatar,757
PEPPER,Sci-Fi,avengersthe2012,67
THE OTHER,Sci-Fi,avengersthe2012,36
AGENT PHIL COULSON,Sci-Fi,avengersthe2012,141
SECURITY GUARD,Sci-Fi,avengersthe2012,23
NATASHA,Sci-Fi,avengersthe2012,176
CLINT BARTON,Sci-Fi,avengersthe2012,58
STEVE,Sci-Fi,avengersthe2012,174
BANNER,Sci-Fi,avengersthe2012,208
HAWKEYE,Sci-Fi,avengersthe2012,29
SELVIG,Sci-Fi,avengersthe2012,52
JARVIS,Sci-Fi,avengersthe2012,31
IRON MAN,Sci-Fi,avengersthe2012,61
BLACK WIDOW,Sci-Fi,avengersthe2012,45
CAPTAIN AMERICA,Sci-Fi,avengersthe2012,116
(A BEAT),Sci-Fi,avengersthe2012,26
THOR,Sci-Fi,avengersthe2012,122
TONY,Sci-Fi,avengersthe2012,379
LOKI,Sci-Fi,avengersthe2012,196
WORLD SECURITY COUNCIL #1,Sci-Fi,avengersthe2012,37
AGENT MARIA HILL,Sci-Fi,avengersthe2012,67
NICK FURY,Sci-Fi,avengersthe2012,320
CHEW,Sci-Fi,bladerunner,27
VOICE,Sci-Fi,bladerunner,24
WHEELER,Sci-Fi,bladerunner,32
ESPER,Sci-Fi,bladerunner,76
TAFFEY,Sci-Fi,bladerunner,50
ANNOUNCER'S VOICE,Sci-Fi,bladerunner,21
SALOME,Sci-Fi,bladerunner,34
LEON,Sci-Fi,bladerunner,101
HOLDEN,Sci-Fi,bladerunner,98
TYRELL,Sci-Fi,bladerunner,152
BRYANT,Sci-Fi,bladerunner,93
RACHAEL,Sci-Fi,bladerunner,223
SEBASTIAN,Sci-Fi,bladerunner,149
MARY,Sci-Fi,bladerunner,26
PRIS,Sci-Fi,bladerunner,75
BATTY,Sci-Fi,bladerunner,267
DECKARD,Sci-Fi,bladerunner,656
LUCIEN,Sci-Fi,cellthe,24
TEDDY LEE,Sci-Fi,cellthe,37
REID,Sci-Fi,cellthe,42
RAMSEY,Sci-Fi,cellthe,136
HENRY,Sci-Fi,cellthe,147
STARGHER,Sci-Fi,cellthe,53
MARTIN,Sci-Fi,cellthe,34
STARGHER KING,Sci-Fi,cellthe,55
COLE,Sci-Fi,cellthe,31
MIRIAM,Sci-Fi,cellthe,262
NOVAK,Sci-Fi,cellthe,462
CATHERINE,Sci-Fi,cellthe,422
AUSTIN,Sci-Fi,chronicle,22
STEVE,Sci-Fi,chronicle,369
FERNANDEZ,Sci-Fi,chronicle,33
SANDRA DETMER,Sci-Fi,chronicle,26
HOWARD,Sci-Fi,chronicle,24
MR. DETMER,Sci-Fi,chronicle,100
CASEY,Sci-Fi,chronicle,129
ANDREW,Sci-Fi,chronicle,620
MATT,Sci-Fi,chronicle,643
CUT.,Sci-Fi,chronicle,72
PRIEST,Sci-Fi,darkcity,34
WIFE,Sci-Fi,darkcity,23
THOMPSON,Sci-Fi,darkcity,37
COP,Sci-Fi,darkcity,38
MISS CRENSHAW,Sci-Fi,darkcity,38
BARBER,Sci-Fi,darkcity,40
KARL,Sci-Fi,darkcity,26
STROMBOLI,Sci-Fi,darkcity,87
SCHREBER,Sci-Fi,darkcity,256
BUMSTEAD,Sci-Fi,darkcity,362
MAN 1,Sci-Fi,darkcity,27
VOICE,Sci-Fi,darkcity,35
MYSTERY MAN,Sci-Fi,darkcity,31
MISTER BLACK,Sci-Fi,darkcity,76
WHITE,Sci-Fi,darkcity,296
YAKITITO,Sci-Fi,darkman,40
RESIDENT,Sci-Fi,darkman,26
EYES,Sci-Fi,darkman,23
(REVISED 5ZENE,Sci-Fi,darkman,39
PAULY DUMMY,Sci-Fi,darkman,22
THE CAT,Sci-Fi,darkman,41
TRUMAYNE,Sci-Fi,darkman,21
ATTENDANT,Sci-Fi,darkman,24
PEYTON,Sci-Fi,darkman,136
GUZMAN,Sci-Fi,darkman,45
DURANT,Sci-Fi,darkman,87
STRACK,Sci-Fi,darkman,129
CONTINUED,Sci-Fi,darkman,224
JULIE,Sci-Fi,darkman,169
DARKMAN,Sci-Fi,darkman,63
AMERICAN ANNOUNCER,Sci-Fi,daytheearthstoodstillthe,35
PEARSON'S VOICE,Sci-Fi,daytheearthstoodstillthe,26
PEARSON,Sci-Fi,daytheearthstoodstillthe,32
CAPTAIN,Sci-Fi,daytheearthstoodstillthe,37
MAJOR WHITE,Sci-Fi,daytheearthstoodstillthe,30
HARLEY,Sci-Fi,daytheearthstoodstillthe,169
GABRIEL HEATER'S VOICE,Sci-Fi,daytheearthstoodstillthe,23
MRS. BARLEY,Sci-Fi,daytheearthstoodstillthe,23
LIEUTENANT,Sci-Fi,daytheearthstoodstillthe,63
MRS. CROCKETT,Sci-Fi,daytheearthstoodstillthe,65
BOBBY,Sci-Fi,daytheearthstoodstillthe,293
HILDA,Sci-Fi,daytheearthstoodstillthe,51
GENERAL,Sci-Fi,daytheearthstoodstillthe,64
JEWELER,Sci-Fi,daytheearthstoodstillthe,22
SECRETARY,Sci-Fi,daytheearthstoodstillthe,29
TOM,Sci-Fi,daytheearthstoodstillthe,172
DISSOLVE TO:,Sci-Fi,daytheearthstoodstillthe,44
COLONEL,Sci-Fi,daytheearthstoodstillthe,60
HELEN,Sci-Fi,daytheearthstoodstillthe,388
BARNHARDT,Sci-Fi,daytheearthstoodstillthe,177
KLAATU,Sci-Fi,daytheearthstoodstillthe,760
NAVIGATOR,Sci-Fi,dune,44
DR. YUEH,Sci-Fi,dune,31
MAPES,Sci-Fi,dune,24
KYNES,Sci-Fi,dune,145
DUNCAN,Sci-Fi,dune,29
YUEH,Sci-Fi,dune,38
PITER,Sci-Fi,dune,63
DUKE LETO,Sci-Fi,dune,153
REVEREND MOTHER RAMALLO,Sci-Fi,dune,47
RABBAN,Sci-Fi,dune,30
VOICE,Sci-Fi,dune,44
STILGAR,Sci-Fi,dune,139
BARON,Sci-Fi,dune,159
THUFIR,Sci-Fi,dune,71
REVEREND MOTHER,Sci-Fi,dune,159
GURNEY,Sci-Fi,dune,113
CHANI,Sci-Fi,dune,37
FEYD,Sci-Fi,dune,28
EMPEROR,Sci-Fi,dune,124
JESSICA,Sci-Fi,dune,296
PAUL,Sci-Fi,dune,733
ALIA,Sci-Fi,dune,48
JOSHUA,Sci-Fi,eightleggedfreaks,84
HARLAN,Sci-Fi,eightleggedfreaks,77
HANK,Sci-Fi,eightleggedfreaks,23
NORMAN,Sci-Fi,eightleggedfreaks,53
WADE,Sci-Fi,eightleggedfreaks,193
BRET,Sci-Fi,eightleggedfreaks,92
SAM,Sci-Fi,eightleggedfreaks,361
ASHLEY,Sci-Fi,eightleggedfreaks,159
GLADYS,Sci-Fi,eightleggedfreaks,88
CHRIS,Sci-Fi,eightleggedfreaks,334
MIKE,Sci-Fi,eightleggedfreaks,285
(CONTINUED),Sci-Fi,eightleggedfreaks,140
STAN'S VOICE,Sci-Fi,eternalsunshineofthespotlessmind,31
MARY'S VOICE,Sci-Fi,eternalsunshineofthespotlessmind,32
VOICE-OVER,Sci-Fi,eternalsunshineofthespotlessmind,172
NAOMI,Sci-Fi,eternalsunshineofthespotlessmind,66
CARRIE,Sci-Fi,eternalsunshineofthespotlessmind,44
RECEPTIONIST,Sci-Fi,eternalsunshineofthespotlessmind,26
PATRICK,Sci-Fi,eternalsunshineofthespotlessmind,121
MIERZWIAK,Sci-Fi,eternalsunshineofthespotlessmind,195
CLEMENTINE'S VOICE,Sci-Fi,eternalsunshineofthespotlessmind,48
JOEL,Sci-Fi,eternalsunshineofthespotlessmind,902
CLEMENTINE,Sci-Fi,eternalsunshineofthespotlessmind,1007
STAN,Sci-Fi,eternalsunshineofthespotlessmind,192
MARY,Sci-Fi,eternalsunshineofthespotlessmind,324
HOLLIS,Sci-Fi,eventhorizon,58
LYLE,Sci-Fi,eventhorizon,44
JUSTIN,Sci-Fi,eventhorizon,110
KILPACK,Sci-Fi,eventhorizon,22
PETERS,Sci-Fi,eventhorizon,246
SMITH,Sci-Fi,eventhorizon,199
DJ,Sci-Fi,eventhorizon,140
MILLER,Sci-Fi,eventhorizon,773
WEIR,Sci-Fi,eventhorizon,517
STARCK,Sci-Fi,eventhorizon,339
COOPER,Sci-Fi,eventhorizon,157
VINOKUR,Sci-Fi,existenz,31
CASHIER,Sci-Fi,existenz,23
LEVI,Sci-Fi,existenz,32
GAS,Sci-Fi,existenz,31
(PAUSE),Sci-Fi,existenz,22
NOURISH,Sci-Fi,existenz,35
PIKUL,Sci-Fi,existenz,274
GELLER,Sci-Fi,existenz,241
DEBBIE,Sci-Fi,fantasticfour,21
DOCTOR,Sci-Fi,fantasticfour,29
X GAMES ANNOUNCER,Sci-Fi,fantasticfour,24
NED CECIL,Sci-Fi,fantasticfour,42
THE THING,Sci-Fi,fantasticfour,24
LEONARD,Sci-Fi,fantasticfour,56
VICTOR,Sci-Fi,fantasticfour,443
DOOM,Sci-Fi,fantasticfour,83
ALICIA,Sci-Fi,fantasticfour,50
REED,Sci-Fi,fantasticfour,548
SUE,Sci-Fi,fantasticfour,417
JOHNNY,Sci-Fi,fantasticfour,303
BEN,Sci-Fi,fantasticfour,350
KOMMANDER,Sci-Fi,fifthelementthe,36
PRIEST,Sci-Fi,fifthelementthe,53
STAEDERT,Sci-Fi,fifthelementthe,54
GIRL,Sci-Fi,fifthelementthe,34
FINGER,Sci-Fi,fifthelementthe,43
THAI,Sci-Fi,fifthelementthe,23
CHECK-IN ATTENDANT,Sci-Fi,fifthelementthe,28
RIGHT ARM,Sci-Fi,fifthelementthe,55
STEWARDESS,Sci-Fi,fifthelementthe,23
PILOT,Sci-Fi,fifthelementthe,32
CAPTAIN,Sci-Fi,fifthelementthe,55
DIVA,Sci-Fi,fifthelementthe,36
ANGLE ON:,Sci-Fi,fifthelementthe,24
COP,Sci-Fi,fifthelementthe,35
AKANIT,Sci-Fi,fifthelementthe,28
COP 1,Sci-Fi,fifthelementthe,21
VOICE,Sci-Fi,fifthelementthe,72
ZORG,Sci-Fi,fifthelementthe,306
DAVID,Sci-Fi,fifthelementthe,39
CORNELIUS,Sci-Fi,fifthelementthe,370
KORBEN,Sci-Fi,fifthelementthe,879
LEELOO,Sci-Fi,fifthelementthe,148
SCIENTIST,Sci-Fi,fifthelementthe,32
LOC RHOD,Sci-Fi,fifthelementthe,257
MUNRO,Sci-Fi,fifthelementthe,126
PROFESSOR,Sci-Fi,fifthelementthe,92
MACTILBURGH,Sci-Fi,fifthelementthe,67
PRESIDENT,Sci-Fi,fifthelementthe,175
MOTHER,Sci-Fi,fifthelementthe,48
WALDMAN,Sci-Fi,frankenstein,121
MARIE,Sci-Fi,frankenstein,27
FELIX,Sci-Fi,frankenstein,26
GRANDFATHER,Sci-Fi,frankenstein,42
KREMPE,Sci-Fi,frankenstein,62
WILLIAM,Sci-Fi,frankenstein,22
MRS. MORITZ,Sci-Fi,frankenstein,28
PROSECUTOR,Sci-Fi,frankenstein,27
JUSTINE,Sci-Fi,frankenstein,81
FATHER,Sci-Fi,frankenstein,59
CLAUDE,Sci-Fi,frankenstein,30
ELIZABETH,Sci-Fi,frankenstein,230
HENRY,Sci-Fi,frankenstein,227
VICTOR,Sci-Fi,frankenstein,598
GRIGORI,Sci-Fi,frankenstein,28
CREATURE,Sci-Fi,frankenstein,275
WALTON,Sci-Fi,frankenstein,102
GEORGE,Sci-Fi,freaked,24
BEARDED LADY,Sci-Fi,freaked,27
SOCKHEAD,Sci-Fi,freaked,34
NOSEY,Sci-Fi,freaked,36
BILL,Sci-Fi,freaked,27
HERTZ,Sci-Fi,freaked,96
COWBOY,Sci-Fi,freaked,36
ELIJAH,Sci-Fi,freaked,375
WORM,Sci-Fi,freaked,106
JUAN,Sci-Fi,freaked,87
STUEY,Sci-Fi,freaked,78
(MORE),Sci-Fi,freaked,23
RICK,Sci-Fi,freaked,567
ERNIE,Sci-Fi,freaked,181
JULIE,Sci-Fi,freaked,201
PROSECUTOR,Sci-Fi,ghostbusters2,36
JUDGE,Sci-Fi,ghostbusters2,77
COP,Sci-Fi,ghostbusters2,26
SHERMAN,Sci-Fi,ghostbusters2,27
JANINE,Sci-Fi,ghostbusters2,55
VIGO,Sci-Fi,ghostbusters2,22
JANOSZ,Sci-Fi,ghostbusters2,139
LOUIS,Sci-Fi,ghostbusters2,208
HARDEMEYER,Sci-Fi,ghostbusters2,65
MAYOR,Sci-Fi,ghostbusters2,40
SPENGLER,Sci-Fi,ghostbusters2,224
WINSTON,Sci-Fi,ghostbusters2,114
STANTZ,Sci-Fi,ghostbusters2,468
DANA,Sci-Fi,ghostbusters2,292
VENKMAN,Sci-Fi,ghostbusters2,755
CGUARD DISPATCHER ( RADIO),Sci-Fi,ghostship,57
DODGE,Sci-Fi,ghostship,455
GREER,Sci-Fi,ghostship,325
VOICE,Sci-Fi,ghostship,22
EPPS,Sci-Fi,ghostship,448
MURPHY,Sci-Fi,ghostship,923
MISSION CONTROL,Sci-Fi,gravity,100
SHARIFF,Sci-Fi,gravity,29
(ON RADIO),Sci-Fi,gravity,170
TRANSMISSION,Sci-Fi,gravity,30
MATT,Sci-Fi,gravity,519
RYAN,Sci-Fi,gravity,703
"REVISED - May 31, 1989",Sci-Fi,gremlins2,45
BILLY (CONT.),Sci-Fi,gremlins2,30
"REVISED May 16, 1989",Sci-Fi,gremlins2,23
"REVISED April 20, 1989",Sci-Fi,gremlins2,34
BILLY,Sci-Fi,gremlins2,34
"REVISED - July 7, 1989",Sci-Fi,gremlins2,23
ELDER,Sci-Fi,heavymetal,27
BELLYGUNNER,Sci-Fi,heavymetal,32
BOMBARDIER,Sci-Fi,heavymetal,54
NAVIGATOR,Sci-Fi,heavymetal,45
PILOT,Sci-Fi,heavymetal,96
GLORIA,Sci-Fi,heavymetal,41
ROBOT,Sci-Fi,heavymetal,36
EDSEL,Sci-Fi,heavymetal,50
ZEKE,Sci-Fi,heavymetal,56
PROSECUTOR,Sci-Fi,heavymetal,25
FISTE,Sci-Fi,heavymetal,69
STERNN,Sci-Fi,heavymetal,55
AUSTIN,Sci-Fi,heavymetal,25
GIRL,Sci-Fi,heavymetal,25
NORL,Sci-Fi,heavymetal,27
QUEEN,Sci-Fi,heavymetal,60
ARD,Sci-Fi,heavymetal,70
DEN,Sci-Fi,heavymetal,59
DAN,Sci-Fi,heavymetal,160
HARRY,Sci-Fi,heavymetal,30
WHITMAN,Sci-Fi,hellboy,43
MATLIN,Sci-Fi,hellboy,21
OLD MATLIN,Sci-Fi,hellboy,28
CLAY,Sci-Fi,hellboy,82
BROOM,Sci-Fi,hellboy,283
ABE,Sci-Fi,hellboy,88
MANNING,Sci-Fi,hellboy,123
GRIGORY,Sci-Fi,hellboy,151
ILSA,Sci-Fi,hellboy,34
MYERS,Sci-Fi,hellboy,212
LIZ,Sci-Fi,hellboy,166
HELLBOY,Sci-Fi,hellboy,488
JANICE,Sci-Fi,hollowman,36
CARTER,Sci-Fi,hollowman,124
SARAH,Sci-Fi,hollowman,172
SARAH (cont'd),Sci-Fi,hollowman,32
FRANK,Sci-Fi,hollowman,110
SEBASTIAN'S VOICE (cont'd),Sci-Fi,hollowman,40
SEBASTIAN'S VOICE,Sci-Fi,hollowman,200
SEBASTIAN (cont'd),Sci-Fi,hollowman,65
LINDA (cont'd),Sci-Fi,hollowman,86
MATT,Sci-Fi,hollowman,452
MATT (cont'd),Sci-Fi,hollowman,36
SEBASTIAN,Sci-Fi,hollowman,447
LINDA,Sci-Fi,hollowman,659
JENNIE,Sci-Fi,hottubtimemachine,32
BLAINE,Sci-Fi,hottubtimemachine,29
NICK,Sci-Fi,hottubtimemachine,138
JACOB,Sci-Fi,hottubtimemachine,99
ADAM,Sci-Fi,hottubtimemachine,266
LILY,Sci-Fi,hottubtimemachine,37
LOU,Sci-Fi,hottubtimemachine,203
WHITMORE,Sci-Fi,independenceday,31
COMMANDING OFFICER,Sci-Fi,independenceday,35
MARTY,Sci-Fi,independenceday,67
PRESIDENT WHITMORE,Sci-Fi,independenceday,42
JIMMY,Sci-Fi,independenceday,41
TROY,Sci-Fi,independenceday,30
OKUN (cont'd),Sci-Fi,independenceday,24
OKUN,Sci-Fi,independenceday,69
MARGARET,Sci-Fi,independenceday,44
DAVID (cont'd),Sci-Fi,independenceday,27
PRESIDENT (cont'd),Sci-Fi,independenceday,25
MITCHELL,Sci-Fi,independenceday,36
NIMZIKI,Sci-Fi,independenceday,125
ME,Sci-Fi,independenceday,170
OFFICER,Sci-Fi,independenceday,23
MIGUEL,Sci-Fi,independenceday,92
RUSSELL,Sci-Fi,independenceday,81
GENERAL GREY,Sci-Fi,independenceday,212
JASMINE,Sci-Fi,independenceday,136
DAVID,Sci-Fi,independenceday,354
CANCE,Sci-Fi,independenceday,174
PRESIDENT,Sci-Fi,independenceday,252
STEVE,Sci-Fi,independenceday,211
OLD MAN,Sci-Fi,irobot,37
NIGHT FOREMAN,Sci-Fi,irobot,27
ARN,Sci-Fi,irobot,30
BALDEZ,Sci-Fi,irobot,25
TOLLER,Sci-Fi,irobot,35
LT. BERGIN,Sci-Fi,irobot,115
ROBOT,Sci-Fi,irobot,35
ROBERTSON,Sci-Fi,irobot,129
HOGENMILLER,Sci-Fi,irobot,47
LANNING,Sci-Fi,irobot,29
CUT BACK TO:,Sci-Fi,irobot,51
VICTOR,Sci-Fi,irobot,133
SONNY,Sci-Fi,irobot,139
CALVIN,Sci-Fi,irobot,585
SPOONER,Sci-Fi,irobot,1046
HOLOGRAM,Sci-Fi,irobot,49
RESIDENT #1,Sci-Fi,islandthe,33
KLEINWORT,Sci-Fi,islandthe,23
MCCORD,Sci-Fi,islandthe,78
DR. SANGER (cont'd),Sci-Fi,islandthe,24
T H E WASP,Sci-Fi,islandthe,27
- - P L E A S U R E PARTNER SELECTED; PROGRAM COMMENCING...,Sci-Fi,islandthe,32
I C E ON SPEAKER,Sci-Fi,islandthe,28
THE DOCTOR,Sci-Fi,islandthe,39
JONES,Sci-Fi,islandthe,76
SCHEER (INTO HEADSET),Sci-Fi,islandthe,21
CENSOR (ON HOLOFRAME),Sci-Fi,islandthe,27
OZZIE,Sci-Fi,islandthe,119
THE SNAKE,Sci-Fi,islandthe,28
GREY DOVE,Sci-Fi,islandthe,26
BURDON,Sci-Fi,islandthe,30
DIGGS,Sci-Fi,islandthe,150
TOM,Sci-Fi,islandthe,116
SCHEER,Sci-Fi,islandthe,204
D R . ABRAMS,Sci-Fi,islandthe,43
CROWNE,Sci-Fi,islandthe,171
A VOICE,Sci-Fi,islandthe,39
DR. SANGER,Sci-Fi,islandthe,322
LYDIA,Sci-Fi,islandthe,41
MERRICK,Sci-Fi,islandthe,412
CENSOR,Sci-Fi,islandthe,43
ESTER,Sci-Fi,islandthe,201
KATHERINE,Sci-Fi,islandthe,140
LINCOLN,Sci-Fi,islandthe,721
DELONGPREE,Sci-Fi,jasonx,34
ADRIENNE,Sci-Fi,jasonx,47
STONEY,Sci-Fi,jasonx,25
AZRAEL,Sci-Fi,jasonx,70
DALLAS,Sci-Fi,jasonx,27
KICKER,Sci-Fi,jasonx,67
FAT LOU,Sci-Fi,jasonx,29
YLLO,Sci-Fi,jasonx,349
KKINSA,Sci-Fi,jasonx,72
COMPUTER VOICE,Sci-Fi,jasonx,25
JANESSA,Sci-Fi,jasonx,133
BOEMAN,Sci-Fi,jasonx,255
DELONGPRE,Sci-Fi,jasonx,286
THORGAN,Sci-Fi,jasonx,222
KAY-EM 14,Sci-Fi,jasonx,230
RIZZO,Sci-Fi,jasonx,417
BRI,Sci-Fi,jasonx,176
FARGO,Sci-Fi,judgedredd,27
MCGRUDER,Sci-Fi,judgedredd,25
FERGIE (X),Sci-Fi,judgedredd,48
DREDD (X),Sci-Fi,judgedredd,65
GRIFFIN,Sci-Fi,judgedredd,68
FERGIE,Sci-Fi,judgedredd,74
HERSHEY (X),Sci-Fi,judgedredd,39
CENTRAL,Sci-Fi,judgedredd,52
RICO,Sci-Fi,judgedredd,106
HERSHEY,Sci-Fi,judgedredd,113
(CONTINUED),Sci-Fi,judgedredd,168
DREDD,Sci-Fi,judgedredd,192
OLMEYER (X),Sci-Fi,judgedredd,36
UDESKY,Sci-Fi,jurassicparkiii,52
BILLY,Sci-Fi,jurassicparkiii,159
ELLIE,Sci-Fi,jurassicparkiii,62
PAUL,Sci-Fi,jurassicparkiii,315
AMANDA,Sci-Fi,jurassicparkiii,230
ERIC,Sci-Fi,jurassicparkiii,103
GRANT,Sci-Fi,jurassicparkiii,421
HAMMOND,Sci-Fi,jurassicparkthelostworld,106
EDDIE,Sci-Fi,jurassicparkthelostworld,56
DIETER,Sci-Fi,jurassicparkthelostworld,27
AJAY,Sci-Fi,jurassicparkthelostworld,35
BURKE,Sci-Fi,jurassicparkthelostworld,45
JUTTSON,Sci-Fi,jurassicparkthelostworld,77
LUDLOW (cont'd),Sci-Fi,jurassicparkthelostworld,61
LUDLOW,Sci-Fi,jurassicparkthelostworld,163
ROLAND (cont'd),Sci-Fi,jurassicparkthelostworld,24
NICK,Sci-Fi,jurassicparkthelostworld,167
KELLY,Sci-Fi,jurassicparkthelostworld,80
ROLAND,Sci-Fi,jurassicparkthelostworld,294
SARAH,Sci-Fi,jurassicparkthelostworld,261
SARAH (cont'd),Sci-Fi,jurassicparkthelostworld,23
MALCOLM,Sci-Fi,jurassicparkthelostworld,422
VERNON,Sci-Fi,limitless,61
VERN,Sci-Fi,limitless,56
KEVIN,Sci-Fi,limitless,34
MELISSA,Sci-Fi,limitless,112
VALERIE,Sci-Fi,limitless,35
LINDY,Sci-Fi,limitless,192
MORRIS BRANDT,Sci-Fi,limitless,28
VAN LOON,Sci-Fi,limitless,170
GENNADY,Sci-Fi,limitless,115
EDDIE (V.0.),Sci-Fi,limitless,474
REUBEN,Sci-Fi,limitless,21
(BEAT),Sci-Fi,limitless,27
CONTINUED:,Sci-Fi,limitless,72
(CONTINUED),Sci-Fi,limitless,182
STEADMAN,Sci-Fi,limitless,96
EDDIE,Sci-Fi,limitless,991
WOMAN,Sci-Fi,logansrun,23
DOC,Sci-Fi,logansrun,70
HOLLY,Sci-Fi,logansrun,26
VOICE,Sci-Fi,logansrun,45
BOX,Sci-Fi,logansrun,77
MAN,Sci-Fi,logansrun,31
FRANCIS (emotional;,Sci-Fi,logansrun,21
FRANCIS,Sci-Fi,logansrun,150
JESSICA,Sci-Fi,logansrun,297
OLD MAN,Sci-Fi,logansrun,116
LOGAN,Sci-Fi,logansrun,606
SETH,Sci-Fi,looper,26
JESSE,Sci-Fi,looper,28
KID BLUE,Sci-Fi,looper,29
ABE,Sci-Fi,looper,29
JOE,Sci-Fi,looper,175
OLD JOE,Sci-Fi,looper,52
SARA,Sci-Fi,looper,134
CID,Sci-Fi,looper,54
VO,Sci-Fi,lostinspace,30
GENERAL,Sci-Fi,lostinspace,59
NOAH,Sci-Fi,lostinspace,34
JEB,Sci-Fi,lostinspace,28
COMPUTER,Sci-Fi,lostinspace,30
FIGURE,Sci-Fi,lostinspace,26
SPIDER SMITH,Sci-Fi,lostinspace,85
OLDER WILL,Sci-Fi,lostinspace,110
WEST (OVER),Sci-Fi,lostinspace,23
SMITH,Sci-Fi,lostinspace,333
ROBOT,Sci-Fi,lostinspace,82
WEST,Sci-Fi,lostinspace,535
JOHN,Sci-Fi,lostinspace,443
JUDY,Sci-Fi,lostinspace,158
MAUREEN,Sci-Fi,lostinspace,207
PENNY,Sci-Fi,lostinspace,180
WILL,Sci-Fi,lostinspace,216
RHINEHEART,Sci-Fi,matrixthe,22
GIZMO,Sci-Fi,matrixthe,51
ORACLE,Sci-Fi,matrixthe,54
M,Sci-Fi,matrixthe,22
APOC,Sci-Fi,matrixthe,21
CYPHER,Sci-Fi,matrixthe,201
AGENT JONES,Sci-Fi,matrixthe,32
TANK,Sci-Fi,matrixthe,192
MORPHEUS,Sci-Fi,matrixthe,576
AGENT SMITH,Sci-Fi,matrixthe,264
TRINITY,Sci-Fi,matrixthe,336
NEO,Sci-Fi,matrixthe,431
FRIEND #3,Sci-Fi,megamind,21
EINSTEIN,Sci-Fi,megamind,98
"""JOHN CUSACK""",Sci-Fi,megamind,120
"""PAT MORITA""",Sci-Fi,megamind,100
HAL,Sci-Fi,megamind,216
VINNIE,Sci-Fi,megamind,26
WAYNE SCOTT,Sci-Fi,megamind,89
PLATO,Sci-Fi,megamind,135
FRANK,Sci-Fi,megamind,53
UBERMAN,Sci-Fi,megamind,34
TITAN,Sci-Fi,megamind,314
BRAD HELMS,Sci-Fi,megamind,81
ROXANNE,Sci-Fi,megamind,442
DA VINCI,Sci-Fi,megamind,36
MASTER MIND,Sci-Fi,megamind,840
AGENT JANUS,Sci-Fi,meninblack,36
DEE,Sci-Fi,meninblack,21
JEEBS,Sci-Fi,meninblack,31
EDWARDS,Sci-Fi,meninblack,211
BEATRICE,Sci-Fi,meninblack,29
FRANK THE PUG,Sci-Fi,meninblack,33
EDGAR,Sci-Fi,meninblack,111
ZED,Sci-Fi,meninblack,181
LAUREL,Sci-Fi,meninblack,194
KAY,Sci-Fi,meninblack,749
JAY,Sci-Fi,meninblack,403
JOHNNY,Sci-Fi,minorityreport,32
FRANK D'IGNAZIO,Sci-Fi,minorityreport,65
DOC,Sci-Fi,minorityreport,60
OFFICER 1,Sci-Fi,minorityreport,25
SENATOR MALCOLM,Sci-Fi,minorityreport,67
SPOKESWOMAN,Sci-Fi,minorityreport,21
TOUR GUIDE,Sci-Fi,minorityreport,58
VOICE,Sci-Fi,minorityreport,35
TECHNICIAN,Sci-Fi,minorityreport,35
PAGE,Sci-Fi,minorityreport,45
FEMALE,Sci-Fi,minorityreport,41
HOLOGRAPHIC DOCTOR,Sci-Fi,minorityreport,37
ANDERSON'S VOICE,Sci-Fi,minorityreport,32
LIEUTENANT GLASER,Sci-Fi,minorityreport,38
OFFICER,Sci-Fi,minorityreport,23
DR. RESFIELD,Sci-Fi,minorityreport,42
LISA,Sci-Fi,minorityreport,301
(MORE),Sci-Fi,minorityreport,38
ANDERSON,Sci-Fi,minorityreport,731
WITWER,Sci-Fi,minorityreport,442
ROSE,Sci-Fi,minorityreport,140
COTE,Sci-Fi,missiontomars,38
WILLIS,Sci-Fi,missiontomars,32
KIROV,Sci-Fi,missiontomars,32
MAGGIE,Sci-Fi,missiontomars,24
COMPUTER,Sci-Fi,missiontomars,30
WOODY,Sci-Fi,missiontomars,414
BECK,Sci-Fi,missiontomars,130
MCCONNELL,Sci-Fi,missiontomars,589
TERRI,Sci-Fi,missiontomars,306
PHIL,Sci-Fi,missiontomars,273
LUKE,Sci-Fi,missiontomars,443
JEANNIE,Sci-Fi,next,23
GUY,Sci-Fi,next,55
IRV,Sci-Fi,next,86
CAVANAUGH,Sci-Fi,next,127
FERRIS (cont'd),Sci-Fi,next,33
BAINES,Sci-Fi,next,74
WISDOM,Sci-Fi,next,226
SNAPBACK TO:,Sci-Fi,next,34
LIZ,Sci-Fi,next,527
FERRIS,Sci-Fi,next,565
CRIS,Sci-Fi,next,933
GENETIC DOCTOR,Sci-Fi,perfectcreature,58
SLUM LANDLORD,Sci-Fi,perfectcreature,23
MAN IN THE STREET,Sci-Fi,perfectcreature,21
KID,Sci-Fi,perfectcreature,30
ANDERSON,Sci-Fi,perfectcreature,48
FRANK,Sci-Fi,perfectcreature,77
CLE OPERATOR 2,Sci-Fi,perfectcreature,24
TV PRESENTER,Sci-Fi,perfectcreature,48
CLE OPERATOR,Sci-Fi,perfectcreature,37
PROFESSOR LIEPSKY,Sci-Fi,perfectcreature,75
STEPH,Sci-Fi,perfectcreature,37
"A POV, wavering slightly, the hint of a whispering breath. We",Sci-Fi,perfectcreature,59
FREDDY,Sci-Fi,perfectcreature,65
NURSE,Sci-Fi,perfectcreature,32
DOMINIC,Sci-Fi,perfectcreature,64
AUGUSTUS,Sci-Fi,perfectcreature,222
JONES,Sci-Fi,perfectcreature,406
EDGAR,Sci-Fi,perfectcreature,419
DISSOLVE TO:,Sci-Fi,perfectcreature,122
SILUS,Sci-Fi,perfectcreature,484
PRIEST 2,Sci-Fi,perfectcreature,41
FADE OUT:,Sci-Fi,perfectcreature,33
LILLY,Sci-Fi,perfectcreature,578
SOL,Sci-Fi,pi,258
MARCY DAWSON,Sci-Fi,pi,229
FARROUHK,Sci-Fi,pi,66
LENNY MEYER,Sci-Fi,pi,251
RAV COHEN,Sci-Fi,pi,111
MAX (V.0.),Sci-Fi,pi,69
DEVI,Sci-Fi,pi,64
JENNA,Sci-Fi,pi,29
MAX,Sci-Fi,pi,837
OWENS,Sci-Fi,pitchblack,78
ZEKE,Sci-Fi,pitchblack,39
SHAZZA,Sci-Fi,pitchblack,72
PARIS,Sci-Fi,pitchblack,133
JOHNS,Sci-Fi,pitchblack,478
FRY,Sci-Fi,pitchblack,642
AUDREY,Sci-Fi,pitchblack,107
RIDDICK,Sci-Fi,pitchblack,458
IMAM,Sci-Fi,pitchblack,169
HAWKINS,Sci-Fi,predator,31
BLAIN,Sci-Fi,predator,45
BILLY,Sci-Fi,predator,68
RAMIREZ,Sci-Fi,predator,102
MAC,Sci-Fi,predator,194
DILLON,Sci-Fi,predator,349
SCHAEFER,Sci-Fi,predator,378
HUNTER,Sci-Fi,predator,39
ANNA,Sci-Fi,predator,45
(CONTINUED),Sci-Fi,predator,404
PHILIPS,Sci-Fi,predator,75
WEYLAND,Sci-Fi,prometheus,68
MILBURN,Sci-Fi,prometheus,44
DOWNS,Sci-Fi,prometheus,32
KAMAROV,Sci-Fi,prometheus,29
HOLLOWAY,Sci-Fi,prometheus,359
VIGODA,Sci-Fi,prometheus,21
BRICK,Sci-Fi,prometheus,41
GLASSE,Sci-Fi,prometheus,33
STILLWELL,Sci-Fi,prometheus,25
VICKERS,Sci-Fi,prometheus,102
FIFIELD,Sci-Fi,prometheus,46
JANEK,Sci-Fi,prometheus,196
WATTS,Sci-Fi,prometheus,419
DAVID,Sci-Fi,prometheus,247
(FILTERED),Sci-Fi,prometheus,42
RADIO,Sci-Fi,repoman,25
MRS. PARKS,Sci-Fi,repoman,30
ARCHIE,Sci-Fi,repoman,42
MILLER,Sci-Fi,repoman,63
J. FRANK PARNELL,Sci-Fi,repoman,115
LITE,Sci-Fi,repoman,110
OLY,Sci-Fi,repoman,95
DEBBI,Sci-Fi,repoman,35
DUKE,Sci-Fi,repoman,77
TV,Sci-Fi,repoman,21
PLETTSCHNER,Sci-Fi,repoman,69
LEILA,Sci-Fi,repoman,102
LAGARTO,Sci-Fi,repoman,41
KEVIN,Sci-Fi,repoman,77
OLD LADY,Sci-Fi,repoman,24
AGENT ROGERSZ,Sci-Fi,repoman,35
AGENT,Sci-Fi,repoman,45
NAPOLEON,Sci-Fi,repoman,56
MARLENE,Sci-Fi,repoman,90
BUD,Sci-Fi,repoman,326
OTTO,Sci-Fi,repoman,460
SULLIVAN,Sci-Fi,residentevil,36
AIKEN,Sci-Fi,residentevil,42
SPEYER,Sci-Fi,residentevil,46
VICKERS,Sci-Fi,residentevil,42
BARRY,Sci-Fi,residentevil,118
WESKER,Sci-Fi,residentevil,336
WESKER (cont.),Sci-Fi,residentevil,89
RODRIGUEZ,Sci-Fi,residentevil,64
ADA,Sci-Fi,residentevil,148
REBECCA,Sci-Fi,residentevil,57
CHRIS (cont.),Sci-Fi,residentevil,64
JILL (cont.),Sci-Fi,residentevil,31
LAGUARDIA,Sci-Fi,residentevil,24
JILL,Sci-Fi,residentevil,190
CHRIS,Sci-Fi,residentevil,285
FRANKLIN,Sci-Fi,riseoftheplanetoftheapes,24
DODGE,Sci-Fi,riseoftheplanetoftheapes,50
JACOBS,Sci-Fi,riseoftheplanetoftheapes,32
STEWART,Sci-Fi,riseoftheplanetoftheapes,68
CAESAR,Sci-Fi,riseoftheplanetoftheapes,41
WILL,Sci-Fi,riseoftheplanetoftheapes,248
VOICE OVER (Cont),Sci-Fi,rockyhorrorpictureshowthe,26
CHORUS,Sci-Fi,rockyhorrorpictureshowthe,21
FRANK (Cont),Sci-Fi,rockyhorrorpictureshowthe,21
EDDIE,Sci-Fi,rockyhorrorpictureshowthe,30
ALL			EDDIE,Sci-Fi,rockyhorrorpictureshowthe,25
WIPE TO,Sci-Fi,rockyhorrorpictureshowthe,79
COLUMBIA,Sci-Fi,rockyhorrorpictureshowthe,67
ROCKY,Sci-Fi,rockyhorrorpictureshowthe,55
DR. SCOTT,Sci-Fi,rockyhorrorpictureshowthe,69
ALL,Sci-Fi,rockyhorrorpictureshowthe,58
GUESTS,Sci-Fi,rockyhorrorpictureshowthe,87
FRANK,Sci-Fi,rockyhorrorpictureshowthe,399
DR SCOTT,Sci-Fi,rockyhorrorpictureshowthe,25
RIFF RAFF,Sci-Fi,rockyhorrorpictureshowthe,118
MAGENTA,Sci-Fi,rockyhorrorpictureshowthe,53
BRAD,Sci-Fi,rockyhorrorpictureshowthe,299
JANET,Sci-Fi,rockyhorrorpictureshowthe,285
NARRATOR,Sci-Fi,rockyhorrorpictureshowthe,112
THE ROCKY HORROR PICTURE SHOW,Sci-Fi,rockyhorrorpictureshowthe,32
PHIL,Sci-Fi,sdarko,24
DUSTY,Sci-Fi,sdarko,32
RUTH,Sci-Fi,sdarko,49
BILLY MOORCROFT,Sci-Fi,sdarko,27
RANDY,Sci-Fi,sdarko,117
AGATHA,Sci-Fi,sdarko,27
VIETNAM TOM,Sci-Fi,sdarko,21
FATHER HOMEIJER,Sci-Fi,sdarko,57
TRUDY,Sci-Fi,sdarko,69
OFFICER HINES,Sci-Fi,sdarko,28
JEREMY,Sci-Fi,sdarko,303
FRANK,Sci-Fi,sdarko,24
OFFICER O'DELL,Sci-Fi,sdarko,130
COREY,Sci-Fi,sdarko,376
CHRIS,Sci-Fi,sdarko,304
SAM,Sci-Fi,sdarko,452
DETECTIVE,Sci-Fi,shivers,33
SUPER,Sci-Fi,shivers,32
MRS. WHEATLEY,Sci-Fi,shivers,39
PARKINS,Sci-Fi,shivers,52
DOORMAN,Sci-Fi,shivers,24
JANINE,Sci-Fi,shivers,85
MR. SPERGAZZI,Sci-Fi,shivers,36
MERRICK,Sci-Fi,shivers,56
ROLLO,Sci-Fi,shivers,282
TUDOR,Sci-Fi,shivers,114
FTHE,Sci-Fi,shivers,90
ST. LUC,Sci-Fi,shivers,236
BETTS,Sci-Fi,shivers,86
CREWCUT GUY,Sci-Fi,signs,43
PHARMACIST,Sci-Fi,signs,24
RAY,Sci-Fi,signs,41
TV ANCHOR,Sci-Fi,signs,54
OFFICER PASKI,Sci-Fi,signs,239
COLLEEN,Sci-Fi,signs,28
BO,Sci-Fi,signs,80
MERRILL,Sci-Fi,signs,387
MORGAN,Sci-Fi,signs,254
GRAHAM,Sci-Fi,signs,815
HANK,Sci-Fi,simone,93
VIVIAN,Sci-Fi,simone,23
FAITH,Sci-Fi,simone,32
MAC,Sci-Fi,simone,25
ENTERTAINMENT REPORTER,Sci-Fi,simone,67
EXECUTIVE 1,Sci-Fi,simone,21
EXECUTIVE 2,Sci-Fi,simone,26
MILTON,Sci-Fi,simone,52
HAL,Sci-Fi,simone,132
SIMONE / VIKTOR,Sci-Fi,simone,113
JANE,Sci-Fi,simone,29
MAX,Sci-Fi,simone,293
NICOLA,Sci-Fi,simone,93
LAWYER,Sci-Fi,simone,29
DETECTIVE,Sci-Fi,simone,73
LAINEY,Sci-Fi,simone,243
ELAINE,Sci-Fi,simone,583
FRANK BRAND,Sci-Fi,simone,72
SIMONE,Sci-Fi,simone,213
VIKTOR,Sci-Fi,simone,1480
BRENDA,Sci-Fi,slither,75
KYLIE'S MOM,Sci-Fi,slither,30
MARGARET,Sci-Fi,slither,63
JACK,Sci-Fi,slither,69
WALLY,Sci-Fi,slither,95
KYLIE,Sci-Fi,slither,71
SHELBY,Sci-Fi,slither,33
TREVOR,Sci-Fi,slither,112
PASTOR,Sci-Fi,slither,26
GRANT,Sci-Fi,slither,216
BILL,Sci-Fi,slither,414
STARLA,Sci-Fi,slither,406
GIBARIAN,Sci-Fi,solaris,159
SNOW,Sci-Fi,solaris,313
SARTORIUS,Sci-Fi,solaris,183
RHEYA,Sci-Fi,solaris,436
KELVIN,Sci-Fi,solaris,670
MEKUM,Sci-Fi,soldier,158
MACE,Sci-Fi,soldier,159
HAWKINS,Sci-Fi,soldier,57
ELLEN,Sci-Fi,soldier,21
CAINE 607,Sci-Fi,soldier,41
SANDRA,Sci-Fi,soldier,265
JOHNNY,Sci-Fi,soldier,27
JIMMY PIG,Sci-Fi,soldier,47
RUBRICK,Sci-Fi,soldier,144
CHURCH,Sci-Fi,soldier,261
SLOAN,Sci-Fi,soldier,136
MEKUM/VIDEO IMAGE,Sci-Fi,soldier,33
SLADE,Sci-Fi,soldier,100
TODD,Sci-Fi,soldier,58
RILEY,Sci-Fi,soldier,23
DEREK,Sci-Fi,sourcecode,24
RUTLEDGE,Sci-Fi,sourcecode,79
GOODWIN,Sci-Fi,sourcecode,104
COLTER,Sci-Fi,sourcecode,368
CHRISTINA,Sci-Fi,sourcecode,137
WIFE,Sci-Fi,sphere,24
ARTHUR,Sci-Fi,sphere,22
FLETCHER,Sci-Fi,sphere,29
EDMUNDS,Sci-Fi,sphere,65
BARNES,Sci-Fi,sphere,681
TED,Sci-Fi,sphere,291
MAN,Sci-Fi,sphere,31
HARRY,Sci-Fi,sphere,557
BETH,Sci-Fi,sphere,866
OFFICER,Sci-Fi,sphere,25
PILOT,Sci-Fi,sphere,24
NORMAN,Sci-Fi,sphere,1191
CHIEF SURGEON,Sci-Fi,spiderman,31
THORKEL,Sci-Fi,spiderman,123
REISS,Sci-Fi,spiderman,82
CABBIE,Sci-Fi,spiderman,28
BEN,Sci-Fi,spiderman,49
WEINER,Sci-Fi,spiderman,120
AUNT MAY,Sci-Fi,spiderman,77
KIM,Sci-Fi,spiderman,42
FLASH,Sci-Fi,spiderman,108
HARRY,Sci-Fi,spiderman,149
JAMESON,Sci-Fi,spiderman,98
ROZ,Sci-Fi,spiderman,149
OCK,Sci-Fi,spiderman,530
SPIDER-MAN,Sci-Fi,spiderman,324
LIZ,Sci-Fi,spiderman,338
PETER,Sci-Fi,spiderman,479
OFFICER,Sci-Fi,starman,34
BENNY,Sci-Fi,starman,38
DR. BERGEN,Sci-Fi,starman,46
MAJOR BELL,Sci-Fi,starman,98
SECURITY GUARD,Sci-Fi,starman,28
DRIVER,Sci-Fi,starman,29
MAN,Sci-Fi,starman,68
ATTENDANT,Sci-Fi,starman,21
COOK,Sci-Fi,starman,56
TEENAGER,Sci-Fi,starman,42
LYMAN,Sci-Fi,starman,69
CLERK,Sci-Fi,starman,27
SHERMIN,Sci-Fi,starman,349
FOX,Sci-Fi,starman,178
JENNY,Sci-Fi,starman,985
STAR MAN,Sci-Fi,starman,672
HEAD,Sci-Fi,startreknemesis,31
JANEWAY (ON VIEWSCREEN),Sci-Fi,startreknemesis,31
SURAN,Sci-Fi,startreknemesis,36
BEVERLY,Sci-Fi,startreknemesis,116
VICEROY,Sci-Fi,startreknemesis,75
SHINZON,Sci-Fi,startreknemesis,597
DATA,Sci-Fi,startreknemesis,449
DEANNA,Sci-Fi,startreknemesis,125
DONATRA,Sci-Fi,startreknemesis,35
GEORDI,Sci-Fi,startreknemesis,175
RIKER,Sci-Fi,startreknemesis,181
WORF,Sci-Fi,startreknemesis,117
PICARD,Sci-Fi,startreknemesis,940
OWEN,Sci-Fi,starwarsanewhope,85
TAGGE,Sci-Fi,starwarsanewhope,21
GREEDO,Sci-Fi,starwarsanewhope,24
JABBA,Sci-Fi,starwarsanewhope,39
TROOPER,Sci-Fi,starwarsanewhope,46
BEN,Sci-Fi,starwarsanewhope,255
GOLD LEADER,Sci-Fi,starwarsanewhope,38
OFFICER,Sci-Fi,starwarsanewhope,35
DODONNA,Sci-Fi,starwarsanewhope,41
RED LEADER,Sci-Fi,starwarsanewhope,99
WEDGE,Sci-Fi,starwarsanewhope,40
BIGGS,Sci-Fi,starwarsanewhope,134
TARKIN,Sci-Fi,starwarsanewhope,110
VADER,Sci-Fi,starwarsanewhope,133
HAN,Sci-Fi,starwarsanewhope,500
LEIA,Sci-Fi,starwarsanewhope,188
THREEPIO,Sci-Fi,starwarsanewhope,414
LUKE,Sci-Fi,starwarsanewhope,751
CAPTAIN TYPHO,Sci-Fi,starwarsattackoftheclones,22
DEXTER JETTSTER,Sci-Fi,starwarsattackoftheclones,43
SIO BIBBLE,Sci-Fi,starwarsattackoftheclones,25
QUEEN JAMILLIA,Sci-Fi,starwarsattackoftheclones,39
JOCASTA NU,Sci-Fi,starwarsattackoftheclones,81
SOLA,Sci-Fi,starwarsattackoftheclones,26
JOBAL,Sci-Fi,starwarsattackoftheclones,22
RUWEE,Sci-Fi,starwarsattackoftheclones,26
TAUN WE,Sci-Fi,starwarsattackoftheclones,42
JANGO,Sci-Fi,starwarsattackoftheclones,23
WATTO,Sci-Fi,starwarsattackoftheclones,45
LAMA SU,Sci-Fi,starwarsattackoftheclones,89
CLIEGG,Sci-Fi,starwarsattackoftheclones,35
BAIL ORGANA,Sci-Fi,starwarsattackoftheclones,24
OWEN,Sci-Fi,starwarsattackoftheclones,28
JAR JAR,Sci-Fi,starwarsattackoftheclones,82
PALPATINE,Sci-Fi,starwarsattackoftheclones,131
MAS AMEDDA,Sci-Fi,starwarsattackoftheclones,24
JANGO FETT,Sci-Fi,starwarsattackoftheclones,23
DOOKU,Sci-Fi,starwarsattackoftheclones,64
ANAKIN,Sci-Fi,starwarsattackoftheclones,643
PADME,Sci-Fi,starwarsattackoftheclones,692
COUNT DOOKU,Sci-Fi,starwarsattackoftheclones,110
MACE WINDU,Sci-Fi,starwarsattackoftheclones,99
OBI-WAN,Sci-Fi,starwarsattackoftheclones,503
YODA,Sci-Fi,starwarsattackoftheclones,112
RIEEKAN,Sci-Fi,starwarstheempirestrikesback,42
ZEV,Sci-Fi,starwarstheempirestrikesback,25
VEERS,Sci-Fi,starwarstheempirestrikesback,25
WEDGE,Sci-Fi,starwarstheempirestrikesback,22
CREATURE,Sci-Fi,starwarstheempirestrikesback,69
NEEDA,Sci-Fi,starwarstheempirestrikesback,24
BEN,Sci-Fi,starwarstheempirestrikesback,32
YODA,Sci-Fi,starwarstheempirestrikesback,148
HAN,Sci-Fi,starwarstheempirestrikesback,566
LEIA,Sci-Fi,starwarstheempirestrikesback,314
VADER,Sci-Fi,starwarstheempirestrikesback,187
PIETT,Sci-Fi,starwarstheempirestrikesback,58
THREEPIO,Sci-Fi,starwarstheempirestrikesback,334
LANDO,Sci-Fi,starwarstheempirestrikesback,202
LUKE,Sci-Fi,starwarstheempirestrikesback,398
HOST,Sci-Fi,strangedays,25
KEITH,Sci-Fi,strangedays,29
IRIS,Sci-Fi,strangedays,25
TICK,Sci-Fi,strangedays,78
JERIKO,Sci-Fi,strangedays,37
TRAN,Sci-Fi,strangedays,112
FAITH,Sci-Fi,strangedays,204
MAX,Sci-Fi,strangedays,399
STRICKLAND,Sci-Fi,strangedays,27
SPREG,Sci-Fi,strangedays,32
LENNY,Sci-Fi,strangedays,1187
MACE,Sci-Fi,strangedays,515
OFFICER JOE,Sci-Fi,super8,23
MRS. HATHAWAY,Sci-Fi,super8,38
DETECTIVE HATHAWAY,Sci-Fi,super8,41
(BEAT),Sci-Fi,super8,47
CHARLES' MOTHER,Sci-Fi,super8,41
JEN,Sci-Fi,super8,40
DR. WOODWARD,Sci-Fi,super8,43
PRESTON,Sci-Fi,super8,80
VOICE,Sci-Fi,super8,28
NELEC,Sci-Fi,super8,77
DONNY,Sci-Fi,super8,52
MARTIN,Sci-Fi,super8,119
CHARLES,Sci-Fi,super8,446
LOUIS,Sci-Fi,super8,53
ALICE,Sci-Fi,super8,160
CARY,Sci-Fi,super8,191
JOE,Sci-Fi,super8,548
JACK,Sci-Fi,super8,232
MR. DANVERS,Sci-Fi,supergirl,26
LINDA,Sci-Fi,supergirl,30
BIANCA,Sci-Fi,supergirl,51
KARA,Sci-Fi,supergirl,24
JIMMY,Sci-Fi,supergirl,45
LUCY,Sci-Fi,supergirl,62
ZALTAR,Sci-Fi,supergirl,73
ETHAN,Sci-Fi,supergirl,137
SELENA,Sci-Fi,supergirl,160
SUPERGIRL,Sci-Fi,supergirl,114
STONE,Sci-Fi,surrogates,26
PETERS,Sci-Fi,surrogates,119
(CONTINUED),Sci-Fi,surrogates,97
CONTINUED:,Sci-Fi,surrogates,69
CANTER,Sci-Fi,surrogates,24
MAGGIE,Sci-Fi,surrogates,44
GREER,Sci-Fi,surrogates,251
REESE,Sci-Fi,terminator2judgementday,24
VIDERAH,Sci-Fi,terminator2judgementday,24
OFFICER X,Sci-Fi,terminator2judgementday,21
JANELLE,Sci-Fi,terminator2judgementday,21
NIGHT NURSE,Sci-Fi,terminator2judgementday,22
SILBERMAN,Sci-Fi,terminator2judgementday,106
BIKE COP,Sci-Fi,terminator2judgementday,25
SALCEDA,Sci-Fi,terminator2judgementday,41
TARISSA,Sci-Fi,terminator2judgementday,40
DYSON,Sci-Fi,terminator2judgementday,148
JOHN,Sci-Fi,terminator2judgementday,533
TERMINATOR,Sci-Fi,terminator2judgementday,363
SARAH,Sci-Fi,terminator2judgementday,339
BREEN,Sci-Fi,terminator,25
CLERK,Sci-Fi,terminator,22
ANCHORMAN,Sci-Fi,terminator,21
GINGER,Sci-Fi,terminator,72
MATT,Sci-Fi,terminator,35
GINGER'S VOICE,Sci-Fi,terminator,27
SILBERMAN,Sci-Fi,terminator,75
TRAXLER,Sci-Fi,terminator,84
VUKOVICH,Sci-Fi,terminator,147
DRIVER,Sci-Fi,terminator,21
TERMINATOR,Sci-Fi,terminator,59
REESE,Sci-Fi,terminator,556
SARAH,Sci-Fi,terminator,667
BOY,Sci-Fi,terminatorsalvation,21
MORRISON,Sci-Fi,terminatorsalvation,40
BARNES,Sci-Fi,terminatorsalvation,42
JEREMY,Sci-Fi,terminatorsalvation,51
JEREMY (cont'd),Sci-Fi,terminatorsalvation,29
SERENA (cont'd),Sci-Fi,terminatorsalvation,41
MARCUS (cont'd),Sci-Fi,terminatorsalvation,60
SERENA,Sci-Fi,terminatorsalvation,102
BLAIR (cont'd),Sci-Fi,terminatorsalvation,48
STAR,Sci-Fi,terminatorsalvation,79
BLAIR,Sci-Fi,terminatorsalvation,171
KYLE,Sci-Fi,terminatorsalvation,113
CONNOR,Sci-Fi,terminatorsalvation,91
KATE,Sci-Fi,terminatorsalvation,30
MARCUS,Sci-Fi,terminatorsalvation,389
(CONTINUED),Sci-Fi,terminatorsalvation,206
LULL,Sci-Fi,totalrecall,125
KIRSTEN,Sci-Fi,totalrecall,131
ROBOT DRIVER,Sci-Fi,totalrecall,21
TELEPHONE VOICE,Sci-Fi,totalrecall,66
CASSETTE VOICE,Sci-Fi,totalrecall,31
DRIVER,Sci-Fi,totalrecall,30
EARPLUG WEARER,Sci-Fi,totalrecall,22
CAPTAIN'S VOICE,Sci-Fi,totalrecall,45
CLERK,Sci-Fi,totalrecall,31
EDGEMAR,Sci-Fi,totalrecall,89
VOICE,Sci-Fi,totalrecall,25
VOICE FROM LOUDSPEAKER,Sci-Fi,totalrecall,23
KUATO,Sci-Fi,totalrecall,72
BENNIE,Sci-Fi,totalrecall,158
EMILE,Sci-Fi,totalrecall,22
COHAAGEN,Sci-Fi,totalrecall,101
MELINA,Sci-Fi,totalrecall,219
QUAIL,Sci-Fi,totalrecall,820
PRIME,Sci-Fi,transformersthemovie,35
MEGATRON,Sci-Fi,transformersthemovie,106
STARSCREAM,Sci-Fi,transformersthemovie,64
BLASTER,Sci-Fi,transformersthemovie,44
BUMBLEBEE,Sci-Fi,transformersthemovie,21
BLURR,Sci-Fi,transformersthemovie,21
ULTRA MAGNUS,Sci-Fi,transformersthemovie,119
PERCEPTOR,Sci-Fi,transformersthemovie,57
UNICRON,Sci-Fi,transformersthemovie,79
GRIMLOCK,Sci-Fi,transformersthemovie,75
ARCEE,Sci-Fi,transformersthemovie,54
ON DANIEL,Sci-Fi,transformersthemovie,29
DANIEL,Sci-Fi,transformersthemovie,107
SPIKE,Sci-Fi,transformersthemovie,31
WRECK-GAR,Sci-Fi,transformersthemovie,81
ANOTHER ANGLE,Sci-Fi,transformersthemovie,30
OPTIMUS PRIME,Sci-Fi,transformersthemovie,49
GALVATRON,Sci-Fi,transformersthemovie,114
HOT ROD,Sci-Fi,transformersthemovie,247
SPRINGER,Sci-Fi,transformersthemovie,102
(CONTINUED),Sci-Fi,transformersthemovie,140
JAZZ,Sci-Fi,transformersthemovie,25
KUP,Sci-Fi,transformersthemovie,206
X-NET BUILDER BOSS,Sci-Fi,tronlegacy,31
I-BEEM,Sci-Fi,tronlegacy,82
PLEXOR,Sci-Fi,tronlegacy,262
CODE MONK J2R,Sci-Fi,tronlegacy,28
MEGA,Sci-Fi,tronlegacy,282
KROD,Sci-Fi,tronlegacy,285
QUANTZ,Sci-Fi,tronlegacy,24
BOOLE,Sci-Fi,tronlegacy,39
SINCLAIR,Sci-Fi,tronlegacy,190
(CONTINUED),Sci-Fi,tronlegacy,199
RUSH,Sci-Fi,tronlegacy,763
MILES,Sci-Fi,tronlegacy,22
FLYNN,Sci-Fi,tronlegacy,404
MEG,Sci-Fi,tronlegacy,104
FATHER,Sci-Fi,trumanshowthe,24
LAUREN,Sci-Fi,trumanshowthe,32
VERONICA,Sci-Fi,trumanshowthe,29
AGENT,Sci-Fi,trumanshowthe,32
MERYL,Sci-Fi,trumanshowthe,149
INTERVIEWER,Sci-Fi,trumanshowthe,67
LAWRENCE,Sci-Fi,trumanshowthe,44
MARLON,Sci-Fi,trumanshowthe,226
SYLVIA,Sci-Fi,trumanshowthe,53
MOSES,Sci-Fi,trumanshowthe,38
CHLOE,Sci-Fi,trumanshowthe,108
SIMEON,Sci-Fi,trumanshowthe,78
CHRISTOF,Sci-Fi,trumanshowthe,455
TRUMAN,Sci-Fi,trumanshowthe,794
FATE,Sci-Fi,vforvendetta,37
FINGERMAN 3,Sci-Fi,vforvendetta,24
LILLIMAN,Sci-Fi,vforvendetta,63
DEREK,Sci-Fi,vforvendetta,99
PROTHERO,Sci-Fi,vforvendetta,165
DELIA,Sci-Fi,vforvendetta,206
VALERIE,Sci-Fi,vforvendetta,119
INTERROGATOR,Sci-Fi,vforvendetta,94
DASCOMBE,Sci-Fi,vforvendetta,53
MOTHER,Sci-Fi,vforvendetta,62
CREEDY,Sci-Fi,vforvendetta,103
DOMINIC,Sci-Fi,vforvendetta,110
CAPTAIN,Sci-Fi,vforvendetta,44
FINCH,Sci-Fi,vforvendetta,355
LEADER,Sci-Fi,vforvendetta,512
HELEN,Sci-Fi,vforvendetta,253
CONRAD,Sci-Fi,vforvendetta,66
EVEY,Sci-Fi,vforvendetta,892
FRIEND 4,Sci-Fi,waroftheworlds,24
MANNY,Sci-Fi,waroftheworlds,41
REPORTER,Sci-Fi,waroftheworlds,32
SHERYL,Sci-Fi,waroftheworlds,22
HARLAND,Sci-Fi,waroftheworlds,139
RAY,Sci-Fi,waroftheworlds,772
MARY ANN,Sci-Fi,waroftheworlds,56
RACHEL,Sci-Fi,waroftheworlds,267
ROBBIE,Sci-Fi,waroftheworlds,202
NARRATOR,Sci-Fi,waroftheworlds,30
